,mse,psnr
reconstruction,"{'cover': 0.08651848232575, 'lsb': 0.09329236253731246, 'ddh': 0.09232988901442368, 'udh': 0.12074425859149673}","{'cover': 58.820654962017976, 'lsb': 58.49460829917491, 'ddh': 58.5088658896027, 'udh': 57.34602419974168}"
secret_before,"{'lsb': 0.09369359013174795, 'ddh': 0.4918064374843283, 'udh': 0.633841490256022}","{'lsb': 58.464165083048826, 'ddh': 51.70822069379284, 'udh': 50.20789208778162}"
secret_after,"{'lsb': 30.026555802384106, 'ddh': 38.16219986867355, 'udh': 57.905047314103484}","{'lsb': 33.37624691941861, 'ddh': 32.31979336844125, 'udh': 30.508321862203935}"
