,mse,psnr
reconstruction,"{'cover': 0.07269661117656165, 'lsb': 0.07451428248256048, 'ddh': 0.07305882263409588, 'udh': 0.0716061222833473}","{'cover': 59.57973144015996, 'lsb': 59.476105149355355, 'ddh': 59.53023539457317, 'udh': 59.64790321851175}"
secret_before,"{'lsb': 0.09369359013174795, 'ddh': 0.48645769313418585, 'udh': 0.631550854791059}","{'lsb': 58.464165083048826, 'ddh': 51.73814163034732, 'udh': 50.228813196675965}"
secret_after,"{'lsb': 74.47368114764271, 'ddh': 49.71248903194304, 'udh': 22.60651765716276}","{'lsb': 29.412962289310496, 'ddh': 31.170650999960746, 'udh': 34.62446058489185}"
